username,ownerage,genderowner,ownersmoking,ownercleanlinees,payment,deposit,term,available,utilities,features,building,featuresmore,location,petslivehere,agerange,gender,smoking,cleanliness,petsallowed,rooms,vacancy,internet,gym,placetype,pool,wifi,ageMin,ageMax,music,guests,drugs,lateNights,washer,dryer,furnished,kitchen,closet,air conditioner,heater,haspet,sleeppattern,alcohol,noise,socializing,cooking,latitude,longitude,foodpref
Luckymume,49,O,True, Moderately Clean,680,200,Month to month,2016-12-01,"Electricity, Water, Trash pickup","Private bedroom, Private bathroom, Cable/satellite hookup, Closet","House, 
4 Bedroom, 
2 Bath","Air conditioning, Basketball courts, Cable/satellite, Covered parking, Dishwasher, High speed Internet, Laundry facility, Washer/dryer in unit, Microwave, Parking, Yard"," Austin, TX, 78735  ",True,30 - 99,F,True,"Clean, Average, Messy",True,4,4,True,False,House,False,True,30,99,True,True,False,True,True,True,False,True,True,True,True,,Early Bird,True,True,Very Social,5,30.2711286,-97.7436994,Non-Vegetarian
dmberry,50,M,True, Moderately Clean,"
700",250,Month to month,2016-12-01,"Electricity, Gas, Water, Trash pickup","Private bedroom, Private bathroom, Balcony/patio, Cable/satellite hookup, Closet, Walk-in closet","House, 
4 Bedroom, 
3 Bath","Air conditioning, Alarm system, Balcony/patio, Basketball courts, Cable/satellite, Covered parking, Dishwasher, Fireplace, Fitness center, Garage, High speed Internet, Laundry facility, Washer/dryer in unit, Microwave, Parking, Pool, Storage, Tennis courts, Yard"," Austin, TX, 78754  ",True,25 - 39,A,True,"Clean, Average, Messy",True,4,4,True,True,House,True,True,25,39,True,True,True,True,True,True,False,True,True,True,True,,Early Bird,True,True,Moderately Social,1,30.2711286,-97.7436994,Non-Vegetarian
zookie,26,M,True, Moderately Clean,"
550",100,Month to month,2016-12-01,"Electricity, Water, Trash pickup","Private bedroom, Private bathroom, Balcony/patio, Cable/satellite hookup, Closet, Walk-in closet","House, 
3 Bedroom, 
2.5 Bath","Air conditioning, Alarm system, Balcony/patio, Basketball courts, Cable/satellite, Covered parking, Dishwasher, Fireplace, Fitness center, Garage, High speed Internet, Laundry facility, Washer/dryer in unit, Microwave, Parking, Pool, Storage, Tennis courts, Yard"," Austin, TX, 78729  ",False,17 - 50,A,True,"Clean, Average, Messy",False,3,3,True,True,House,True,True,17,50,True,True,True,True,True,True,False,True,True,True,True,,Early Bird,False,False,I keep to myself,5,30.2711286,-97.7436994,Vegetarian
alico,38,O,False,Clean,"
900",500,Month to month,2016-12-01,N/A,"Private bedroom, Private bathroom, Balcony/patio, Cable/satellite hookup, Closet, Walk-in closet","House, 
3 Bedroom, 
2.5 Bath","Air conditioning, Alarm system, Balcony/patio, Basketball courts, Cable/satellite, Covered parking, Dishwasher, Fireplace, Fitness center, Garage, High speed Internet, Laundry facility, Washer/dryer in unit, Microwave, Parking, Pool, Storage, Tennis courts, Yard"," Hutto, TX, 78634  ",False,17 - 50,M,True,"Clean, Average",False,3,3,True,True,House,True,True,17,50,True,True,True,True,True,True,False,True,True,True,True,,Early Bird,False,False,Very Social,5,30.5427638,-97.5468897,Vegan
Machel,46,M,True, Moderately Clean,"
400",0,Month to month,2016-12-01,"Electricity, Water, Trash pickup","Private bedroom, Private bathroom, Balcony/patio, Cable/satellite hookup, Closet, Walk-in closet","House, 
3 Bedroom, 
2.5 Bath","Air conditioning, Alarm system, Balcony/patio, Basketball courts, Cable/satellite, Covered parking, Dishwasher, Fireplace, Fitness center, Garage, High speed Internet, Laundry facility, Washer/dryer in unit, Microwave, Parking, Pool, Storage, Tennis courts, Yard"," Taylor, TX, 76574  ",False,17 - 50,F,True,"Clean, Average",False,3,3,True,True,House,True,True,17,50,True,True,True,True,True,True,False,True,True,True,True,,Early Bird,False,False,Moderately Social,3,30.571087,-97.409177,Vegetarian
Mrjoshua,50,F,True,Clean,"
700",100,Month to month,2016-12-01,"Electricity, Gas, Water, Trash pickup","Private bedroom, Private bathroom, Balcony/patio, Cable/satellite hookup, Closet, Walk-in closet","House, 
3 Bedroom, 
2.5 Bath","Air conditioning, Alarm system, Balcony/patio, Basketball courts, Cable/satellite, Covered parking, Dishwasher, Fireplace, Fitness center, Garage, High speed Internet, Laundry facility, Washer/dryer in unit, Microwave, Parking, Pool, Storage, Tennis courts, Yard"," New Braunfels, TX, 78130  ",False,17 - 50,M,True,Clean,False,3,3,True,True,House,True,True,17,50,True,True,True,True,True,True,False,True,True,True,True,,Early Bird,False,False,I keep to myself,2,29.7028266,-98.1257347,Vegetarian
SoulLaughter,23,M,False, Moderately Clean,"
450",450,Month to month,2016-12-01,"Electricity, Water, Trash pickup","Private bedroom, Private bathroom, Balcony/patio, Cable/satellite hookup, Closet, Walk-in closet","House, 
3 Bedroom, 
2.5 Bath","Air conditioning, Alarm system, Balcony/patio, Basketball courts, Cable/satellite, Covered parking, Dishwasher, Fireplace, Fitness center, Garage, High speed Internet, Laundry facility, Washer/dryer in unit, Microwave, Parking, Pool, Storage, Tennis courts, Yard"," New Braunfels, TX, 78132  ",False,17 - 50,M,True,"Clean, Average, Messy",False,3,3,True,True,House,True,True,17,50,True,True,True,True,True,True,False,True,True,True,True,,Early Bird,False,False,Very Social,6,29.7028266,-98.1257347,Vegetarian
Movingman,49,F,True, Moderately Clean,"
500",0,Month to month,2016-12-01,"Electricity, Gas, Water, Trash pickup","Private bedroom, Cable/satellite hookup, Closet, Master bedroom, Walk-in closet","House, 
3 Bedroom, 
2.5 Bath","Air conditioning, Cable/satellite, Dishwasher, Fireplace, Garage, High speed Internet, Laundry facility, Washer/dryer in unit, Microwave, Yard"," Austin, TX, 78748  ",True,18 - 50,A,True,"Clean, Average",True,3,3,True,False,House,False,True,18,50,True,True,True,True,True,True,False,True,True,True,True,,Early Bird,True,True,Moderately Social,7,30.2711286,-97.7436994,Non-Vegetarian
Dre0311,25,F,True,Clean,"
750",750,Month to month,2016-12-01,"Electricity, Gas, Water, Trash pickup","Private bedroom, Private bathroom, Closet","House, 
3 Bedroom, 
2 Bath","Air conditioning, Balcony/patio, Basketball courts, Dishwasher, Fireplace, Garage, High speed Internet, Laundry facility, Washer/dryer in unit, Microwave, Parking, Storage, Yard"," Kyle, TX, 78640  ",True,17 - 50,A,True,Clean,True,3,3,True,False,House,False,True,17,50,True,True,True,True,True,True,False,True,True,True,True,,Early Bird,True,True,I keep to myself,6,29.9892928,-97.8772102,Non-Vegetarian
JonnyB,54,F,False, Moderately Clean,"
800",0,Month to month,2016-12-01,"Electricity, Gas, Water","Private bedroom, Cable/satellite hookup, Closet, Furnished","House, 
3 Bedroom, 
1 Bath","Air conditioning, Cable/satellite, Dishwasher, High speed Internet, Laundry facility, Washer/dryer in unit, Microwave, Parking, Storage, Yard"," Austin, TX, 78845  ",True,17 - 50,F,True,"Clean, Average",True,3,3,True,False,House,False,True,17,50,True,True,True,True,True,True,True,True,True,True,True,,Early Bird,True,True,Very Social,6,30.2711286,-97.7436994,Vegan
PRESTIGE,49,M,False,Clean,"
700",100,Month to month,2016-12-01,"Electricity, Water, Trash pickup","Private bedroom, Private bathroom, Balcony/patio, Closet, Telephone hookup, View","House, 
3 Bedroom, 
2 Bath","Air conditioning, Balcony/patio, Covered parking, Dishwasher, High speed Internet, Washer/dryer in unit, Microwave, Storage, View, Yard"," Austin, TX, 78737  ",True,18 - 49,M,True,"Clean, Average",True,3,3,True,False,House,False,True,18,49,True,True,True,True,False,True,False,True,True,True,True,,Early Bird,True,True,Moderately Social,7,30.2711286,-97.7436994,Vegetarian
BKP,53,F,True,Clean,"
1050",300,Month to month,2016-12-01,"Electricity, Gas, Water, Trash pickup","Private bedroom, Private bathroom, Balcony/patio, Cable/satellite hookup, Closet, Furnished, Telephone hookup","House, 
3 Bedroom, 
2 Bath","Air conditioning, Balcony/patio, Cable/satellite, Dishwasher, Fireplace, High speed Internet, Laundry facility, Microwave, Parking, Pool, Yard"," Georgetown, TX, 78626  ",True,17 - 50,F,True,"Clean, Average, Messy",True,3,3,True,False,House,True,True,17,50,True,True,True,True,True,False,True,True,True,True,True,,Early Bird,True,True,I keep to myself,5,30.671598,-97.6550065012,Non-Vegetarian
countrydude,23,M,True,Clean,"
450",250,Month to month,2016-12-01,"Electricity, Gas, Water, Trash pickup","Private bedroom, Cable/satellite hookup, Closet, Telephone hookup","House, 
4 Bedroom, 
2.5 Bath","Air conditioning, Balcony/patio, Cable/satellite, Dishwasher, Garage, High speed Internet, Laundry facility, Washer/dryer in unit, Microwave, Parking, Yard"," New Braunfels, TX, 78130  ",True,20 - 30,A,True,"Clean, Average",True,4,4,True,False,House,False,True,20,30,False,False,True,True,True,True,False,True,True,True,True,,Early Bird,True,True,Very Social,2,29.7028266,-98.1257347,Vegetarian
Emmittc2012,43,F,True, Moderately Clean,"
500",250,Month to month,2016-12-01,"Electricity, Gas, Water, Trash pickup","Private bedroom, Balcony/patio, Cable/satellite hookup, Closet, View","Townhouse/Condo, 
3 Bedroom, 
2.5 Bath","Balcony/patio, Cable/satellite, Dishwasher, High speed Internet, Washer/dryer in unit, Microwave, Parking"," Cedar Park, TX, 78613  ",True,35 - 60,M,True,"Clean, Average",True,3,3,True,False,Townhouse/Condo,False,True,35,60,False,False,True,True,False,True,False,True,True,False,False,,Early Bird,True,True,Moderately Social,1,30.5217116,-97.8278329,Non-Vegetarian
Bgirl,34,M,True,Clean,"
700",200,Month to month,2016-12-01,"Electricity, Gas, Water, Trash pickup","Private bedroom, Balcony/patio, Cable/satellite hookup, Closet, View","House, 4 Bedroom, 2 Bath","Balcony/patio, Cable/satellite, Dishwasher, High speed Internet, Washer/dryer in unit, Microwave, Parking"," New Braunfels, TX, 78130  ",False,17 - 50,A,True,"Clean, Average",False,4,4,True,False,House,False,True,17,50,False,False,True,True,False,True,False,True,True,False,False,,Early Bird,False,False,I keep to myself,6,29.7028266,-98.1257347,Vegan
fenixjt,31,M,True,Clean,"
850",0,Month to month,2016-12-01,"Electricity, Gas, Water, Trash pickup","Private bedroom, Balcony/patio, Cable/satellite hookup, Closet, Master bedroom, View, Walk-in closet","House, 
2 Bedroom, 
1 Bath","Air conditioning, Balcony/patio, Cable/satellite, Covered parking, Dishwasher, Fireplace, Garage, High speed Internet, Laundry facility, Washer/dryer in unit, Microwave, Parking, Storage, View, Yard"," Austin, TX, 78757  ",True,17 - 50,A,True,"Clean, Average",True,2,2,True,False,House,False,True,17,50,False,False,True,True,True,True,False,True,True,True,True,,Early Bird,True,True,Very Social,6,30.2711286,-97.7436994,Non-Vegetarian
AnthonyJ,35,F,False,Clean,"
800",500,Month to month,2016-12-01,"Gas, Trash pickup","Private bedroom, Private bathroom, Balcony/patio, Closet, Furnished, Master bedroom, Private entrance, Telephone hookup, View, Walk-in closet","House, 
4 Bedroom, 
2.5 Bath","Air conditioning, Alarm system, Balcony/patio, Covered parking, Dishwasher, Garage, High speed Internet, Laundry facility, Washer/dryer in unit, Microwave, Parking, Pool, Spa/hot tub, Storage, Yard"," Pflugerville, TX, 78660  ",True,40 - 55,F,True,Clean,True,4,4,True,False,House,True,True,40,55,False,False,True,True,True,True,True,True,True,True,True,,Early Bird,True,True,Moderately Social,0,30.4393696,-97.6200042,Vegetarian
Sammy28,22,M,True, Moderately Clean,"
900",0,Month to month,2016-12-01,"Electricity, Gas, Water, Trash pickup","Private bedroom, Private bathroom, Balcony/patio, Closet, Private entrance, Walk-in closet","House, 
3 Bedroom, 
2 Bath","Air conditioning, Alarm system, Balcony/patio, Cable/satellite, Covered parking, Dishwasher, Garage, High speed Internet, Laundry facility, Washer/dryer in unit, Microwave, Yard"," Hutto, TX, 78634  ",True,22 - 35,M,True,"Clean, Average",True,3,3,True,False,House,False,True,22,35,False,False,True,True,True,True,False,True,True,True,True,,Early Bird,True,True,I keep to myself,3,30.5427638,-97.5468897,Non-Vegetarian
CDixon,34,F,False, Moderately Clean,"
500",100,Month to month,2016-12-01,"Electricity, Gas, Water, Trash pickup","Private bedroom, Private bathroom, Balcony/patio, Cable/satellite hookup, Closet, Furnished, Telephone hookup","Apartment, 
2 Bedroom, 
2 Bath","Air conditioning, Balcony/patio, Dishwasher, Fireplace, Laundry facility, Washer/dryer in unit, Parking"," Austin, TX, 78727  ",True,25 - 99,F,True,"Clean, Average, Messy",True,2,2,False,False,Apartment,False,False,25,99,False,False,True,True,True,True,True,True,True,True,True,,Early Bird,True,True,Very Social,6,30.2711286,-97.7436994,Vegan
Jerry89,35,M,False,Clean,"
800",100,Month to month,2016-12-01,N/A,"Private bedroom, Private bathroom, Balcony/patio, Cable/satellite hookup, Closet, Furnished, Telephone hookup","House, 4 Bedroom, 2 Bath","Air conditioning, Balcony/patio, Dishwasher, Fireplace, Laundry facility, Washer/dryer in unit, Parking"," Pflugerville, TX, 78660  ",False,17 - 50,M,True,"Clean, Average",False,4,4,False,False,House,False,False,17,50,False,False,True,True,True,True,True,True,True,True,True,,Early Bird,False,False,Moderately Social,6,30.4393696,-97.6200042,Non-Vegetarian
LyndseyM,46,F,False,Clean,"
800",0,Month to month,2016-12-01,"Electricity, Gas, Water, Trash pickup","Private bedroom, Private bathroom, Cable/satellite hookup, Closet, Master bedroom, Walk-in closet","Townhouse/Condo, 
3 Bedroom, 
2.5 Bath","Air conditioning, Balcony/patio, Dishwasher, Fireplace, Garage, High speed Internet, Washer/dryer in unit, Microwave, Parking, Storage, Yard"," Austin, TX, 78729  ",True,17 - 50,F,True,"Clean, Average",True,3,3,True,False,Townhouse/Condo,False,True,17,50,False,False,True,True,False,True,False,True,True,True,True,,Early Bird,True,True,I keep to myself,1,30.2711286,-97.7436994,Vegan
MB11,52,M,False,Clean,"
600",0,Month to month,2016-12-01,"Electricity, Gas, Water, Trash pickup","Private bedroom, Private bathroom, Closet","House, 
4 Bedroom, 
2.5 Bath","Air conditioning, Basketball courts, Dishwasher, Garage, High speed Internet, Laundry facility, Washer/dryer in unit, Microwave, Parking, Pool, Tennis courts, Yard"," Austin, TX, 78729  ",True,20 - 99,M,True,Clean,True,4,4,True,False,House,True,True,20,99,False,False,True,True,True,True,False,True,True,True,True,,Early Bird,True,True,Very Social,4,30.2711286,-97.7436994,Vegan
haleyarthur,60,F,False, Moderately Clean,"
700",700,Month to month,2016-12-01,"Electricity, Water","Private bedroom, Private bathroom, Closet, Furnished, Walk-in closet","Townhouse/Condo, 
1 Bedroom, 
1 Bath","Air conditioning, Dishwasher, High speed Internet, Washer/dryer in unit, Microwave, Parking, Yard"," Austin, TX, 78733  ",True,17 - 50,F,True,"Clean, Average",True,1,1,True,False,Townhouse/Condo,False,True,17,50,False,False,True,True,False,True,True,True,True,True,True,,Early Bird,True,True,Moderately Social,1,30.2711286,-97.7436994,Vegetarian
matthewryan,50,M,False, Moderately Clean,"
700",700,Month to month,2016-12-01,"Electricity, Gas, Water, Trash pickup","Private bedroom, Private bathroom, Closet, Furnished, Walk-in closet","House, 4 Bedroom, 2 Bath","Air conditioning, Dishwasher, High speed Internet, Washer/dryer in unit, Microwave, Parking, Yard"," Round Rock, TX, 78665  ",False,17 - 50,A,True,"Clean, Average",False,4,4,True,False,House,False,True,17,50,False,False,True,True,False,True,True,True,True,True,True,,Early Bird,False,False,I keep to myself,7,30.508235,-97.6788933,Vegan
Kaliops,42,M,False,Clean,"
700",0,Month to month,2016-12-01,Trash pickup,"Private bedroom, Private bathroom, Closet","House, 
3 Bedroom, 
2.5 Bath","Air conditioning, Cable/satellite, Dishwasher, Fireplace, Garage, High speed Internet, Washer/dryer in unit, Microwave, Pool, Yard"," Pflugerville, TX, 78660  ",False,18 - 40,A,True,"Clean, Average",True,3,3,True,False,House,True,True,18,40,False,False,True,True,False,True,False,True,True,True,True,,Early Bird,True,True,Very Social,0,30.4393696,-97.6200042,Vegan
Rene77,41,F,True, Moderately Clean,"
675",200,Month to month,2016-12-01,"Electricity, Water, Trash pickup","Private bedroom, Cable/satellite hookup, Closet","House, 
3 Bedroom, 
2.5 Bath","Air conditioning, Cable/satellite, Dishwasher, High speed Internet, Washer/dryer in unit, Microwave, Parking, Yard"," Austin, TX, 78744  ",True,17 - 50,A,True,"Clean, Average, Messy",True,3,3,True,False,House,False,True,17,50,False,False,True,True,False,True,False,True,True,True,True,,Early Bird,True,True,Moderately Social,1,30.2711286,-97.7436994,Non-Vegetarian
SMorse86,22,O,True,Clean,"
750",500,Month to month,2016-12-01,"Electricity, Gas, Water, Trash pickup","Private bedroom, Cable/satellite hookup, Closet","House, 4 Bedroom, 2 Bath","Air conditioning, Cable/satellite, Dishwasher, High speed Internet, Washer/dryer in unit, Microwave, Parking, Yard"," Austin, TX, 78741  ",False,17 - 50,F,True,"Clean, Average, Messy",False,4,4,True,False,House,False,True,17,50,False,False,True,True,False,True,False,True,True,True,True,,Early Bird,False,False,I keep to myself,4,30.2711286,-97.7436994,Vegetarian
paulina5,25,M,False, Moderately Clean,"
500",500,Month to month,2016-12-01,N/A,"Private bedroom, Cable/satellite hookup, Closet","House, 4 Bedroom, 2 Bath","Air conditioning, Cable/satellite, Dishwasher, High speed Internet, Washer/dryer in unit, Microwave, Parking, Yard"," Elgin, TX, 78621  ",False,17 - 50,A,True,"Clean, Average",False,4,4,True,False,House,False,True,17,50,False,False,True,True,False,True,False,True,True,True,True,,Early Bird,False,False,Very Social,2,30.349351,-97.3705761,Non-Vegetarian
Sydneycarton,53,F,False, Moderately Clean,600,600,Month to month,2016-12-01,"Electricity, Gas, Water, Trash pickup","Private bedroom, Cable/satellite hookup, Closet","House, 4 Bedroom, 2 Bath","Air conditioning, Cable/satellite, Dishwasher, High speed Internet, Washer/dryer in unit, Microwave, Parking, Yard"," Austin, TX, 78745  ",False,17 - 50,M,True,"Clean, Average, Messy",False,4,4,True,False,House,False,True,17,50,False,False,True,True,False,True,False,True,True,True,True,,Early Bird,False,False,Moderately Social,7,30.2711286,-97.7436994,Non-Vegetarian
andyaustin,43,O,True,Clean,"
600",400,Month to month,2016-12-01,"Electricity, Gas, Water, Trash pickup","Private bedroom, Private bathroom, Closet","House, 
4 Bedroom, 
2 Bath","Air conditioning, Dishwasher, Fireplace, Garage, High speed Internet, Microwave, Parking, Storage, Yard"," Georgetown, TX, 78628  ",True,21 - 30,A,True,"Clean, Average",True,4,4,True,False,House,False,True,21,30,False,False,True,True,False,False,False,True,True,True,True,,Early Bird,True,True,I keep to myself,1,30.671598,-97.6550065012,Vegan
DavidCPhoto,33,M,False,Clean,"
600",300,Month to month,2016-12-01,"Electricity, Gas, Water, Trash pickup","Private bedroom, Balcony/patio, Closet, Furnished, Telephone hookup","House, 
3 Bedroom, 
2 Bath","Air conditioning, Balcony/patio, Basketball courts, Dishwasher, High speed Internet, Washer/dryer in unit, Microwave, Parking, Storage, Yard"," Manor, TX, 78653  ",False,17 - 50,M,True,"Clean, Average",True,3,3,True,False,House,False,True,17,50,False,False,True,True,False,True,True,True,True,True,True,,Early Bird,True,True,Very Social,0,30.3407629,-97.5569455,Vegetarian
MollyL,17,F,False,Clean,"
700",700,Month to month,2016-12-01,N/A,"Private bedroom, Balcony/patio, Closet, Furnished, Telephone hookup","House, 4 Bedroom, 2 Bath","Air conditioning, Balcony/patio, Basketball courts, Dishwasher, High speed Internet, Washer/dryer in unit, Microwave, Parking, Storage, Yard"," Buda, TX, 78610  ",False,17 - 50,M,True,"Clean, Average",False,4,4,True,False,House,False,True,17,50,False,False,True,True,False,True,True,True,True,True,True,,Early Bird,False,False,Moderately Social,0,30.0852135,-97.8402826,Vegan
cody55,24,F,False,Clean,"
600",300,Month to month,2016-12-01,"Electricity, Gas, Water, Trash pickup","Private bedroom, Balcony/patio, Cable/satellite hookup, Closet, Furnished","House, 
3 Bedroom, 
2 Bath","Air conditioning, Alarm system, Balcony/patio, Cable/satellite, Dishwasher, Fireplace, Garage, High speed Internet, Laundry facility, Washer/dryer in unit, Microwave, Parking, Storage, Yard"," Fort Worth, TX, 76137  ",True,17 - 50,F,True,"Clean, Average",True,3,3,True,False,House,False,True,17,50,False,False,True,True,True,True,True,True,True,True,True,,Early Bird,True,True,Moderately Social,1,32.753177,-97.3327458,Vegan
tcarey,35,M,False,Clean,"
800",500,Month to month,2016-12-01,"Electricity, Gas, Water, Trash pickup","Private bedroom, Balcony/patio, Cable/satellite hookup, Closet, Furnished","House, 4 Bedroom, 2 Bath","Air conditioning, Alarm system, Balcony/patio, Cable/satellite, Dishwasher, Fireplace, Garage, High speed Internet, Laundry facility, Washer/dryer in unit, Microwave, Parking, Storage, Yard"," Carrollton, TX, 75006  ",False,17 - 50,M,True,"Clean, Average",False,4,4,True,False,House,False,True,17,50,False,False,True,True,True,True,True,True,True,True,True,,Early Bird,False,False,Moderately Social,0,32.9537349,-96.8902815,Non-Vegetarian
mrwizard1949,49,M,False,Clean,"
450",0,Month to month,2016-11-12,N/A,"Private bedroom, Private bathroom, Closet, Master bedroom","House, 
3 Bedroom, 
2 Bath","Air conditioning, Balcony/patio, Cable/satellite, Covered parking, Dishwasher, Fireplace, Garage, High speed Internet, Washer/dryer in unit, Microwave, Parking, Pool, Storage, Yard"," Dallas, TX, 75007  ",True,21 - 41,M,True,"Clean, Average, Messy",True,3,3,True,False,House,True,True,21,41,False,False,True,True,False,True,False,True,True,True,True,,Early Bird,True,True,Moderately Social,5,32.7620405,-96.7790068,Vegan
Greywarden,42,F,True,Clean,"
400",0,Month to month,2016-12-01,"Electricity, Gas, Water, Trash pickup","Private bedroom, Private bathroom, Cable/satellite hookup, Furnished, Telephone hookup","House, 
3 Bedroom, 
2 Bath","Air conditioning, Cable/satellite, Covered parking, Dishwasher, High speed Internet, Washer/dryer in unit, Microwave, Yard"," Rockwall, TX, 75189  ",True,17 - 50,A,True,"Clean, Average, Messy",True,3,3,True,False,House,False,True,17,50,False,False,True,False,False,True,True,False,False,True,True,,Early Bird,True,True,Moderately Social,3,32.9312336,-96.4597088,Vegetarian
Atom83,43,O,True,Clean,"
700",250,Month to month,2016-12-01,"Electricity, Water, Trash pickup","Private bedroom, Private bathroom, Balcony/patio, Cable/satellite hookup, Closet, Master bedroom, Telephone hookup, Walk-in closet","Apartment, 
2 Bedroom, 
2 Bath","Air conditioning, Balcony/patio, Cable/satellite, Covered parking, Dishwasher, Elevator, Fitness center, Garage, High speed Internet, Washer/dryer in unit, Microwave, Parking, Pool"," Irving, TX, 75039  ",True,21 - 65,M,True,"Clean, Average",True,2,2,True,True,Apartment,True,True,21,65,False,False,True,True,False,True,False,True,True,True,True,,Early Bird,True,True,Moderately Social,7,32.8295183,-96.9442176,Vegetarian
JimmyV55,67,M,False,Clean,"
600",0,Month to month,2016-12-01,"Electricity, Gas, Water, Trash pickup","Private bedroom, Balcony/patio, Cable/satellite hookup, Furnished, Walk-in closet","House, 
3 Bedroom, 
2 Bath","Air conditioning, Balcony/patio, Cable/satellite, Dishwasher, Fireplace, Garage, High speed Internet, Washer/dryer in unit, Microwave, Parking, Pool, Yard"," Flower Mound, TX, 75028  ",True,45 - 69,M,True,"Clean, Average",True,3,3,True,False,House,True,True,45,69,False,False,True,True,False,True,True,True,True,True,True,,Early Bird,True,True,Moderately Social,7,33.0145673,-97.0969551,Vegan
LoveShack,26,M,True,Clean,"
700",700,Month to month,2016/12/27,"Electricity, Gas, Water, Trash pickup","Private bedroom, Private bathroom, Balcony/patio, Cable/satellite hookup, Closet, Furnished, Telephone hookup, Walk-in closet","House,
3 Bedroom, 
2 Bath","Air conditioning, Alarm system, Balcony/patio, Cable/satellite, Covered parking, Dishwasher, Fireplace, Garage, High speed Internet, Laundry facility, Washer/dryer in unit, Microwave, Parking, Storage, Wheelchair access, Yard"," Grapevine, TX, 76051  ",False,17 - 50,M,True,"Clean, Average",True,3,3,True,False,House,False,True,17,50,False,False,True,True,True,True,True,True,True,True,True,,Early Bird,True,True,Moderately Social,3,32.9342919,-97.0780653,Vegan
sstokes,29,O,True,Clean,"
575",0,Month to month,2016-12-01,"Electricity, Gas, Water, Trash pickup","Private bedroom, Private bathroom, Balcony/patio, Cable/satellite hookup, Closet, Furnished, Telephone hookup, Walk-in closet","House, 4 Bedroom, 2 Bath","Air conditioning, Alarm system, Balcony/patio, Cable/satellite, Covered parking, Dishwasher, Fireplace, Garage, High speed Internet, Laundry facility, Washer/dryer in unit, Microwave, Parking, Storage, Wheelchair access, Yard"," Bedford, TX, 76022  ",False,17 - 50,A,True,"Clean, Average",False,4,4,True,False,House,False,True,17,50,False,False,True,True,True,True,True,True,True,True,True,,Early Bird,False,False,Moderately Social,1,32.844017,-97.143067,Vegetarian
homebody10,48,M,True, Moderately Clean,"
500",1,Month to month,2016-12-01,"Electricity, Gas, Water, Trash pickup","Private bedroom, Private bathroom, Balcony/patio, Cable/satellite hookup, Closet, Furnished, Walk-in closet","House, 
5 Bedroom, 
2.5 Bath","Air conditioning, Alarm system, Balcony/patio, Cable/satellite, Dishwasher, Fireplace, Garage, High speed Internet, Laundry facility, Washer/dryer in unit, Microwave, Parking, Pool, Storage, Tennis courts, Yard"," Hurst, TX, 76054  ",True,18 - 45,M,True,"Clean, Average",True,5,5,True,False,House,True,True,18,45,False,False,True,True,True,True,True,True,True,True,True,,Early Bird,True,True,Moderately Social,6,32.8234621,-97.1705677,Vegetarian
tomlb66,45,O,False, Moderately Clean,"
300",300,Month to month,2016-12-01,"Water, Trash pickup","Private bedroom, Private bathroom, Balcony/patio, Cable/satellite hookup, Closet, Furnished, Walk-in closet","House, 4 Bedroom, 2 Bath","Air conditioning, Alarm system, Balcony/patio, Cable/satellite, Dishwasher, Fireplace, Garage, High speed Internet, Laundry facility, Washer/dryer in unit, Microwave, Parking, Pool, Storage, Tennis courts, Yard"," Fort Worth, TX, 76112  ",False,17 - 50,M,True,"Clean, Average, Messy",False,4,4,True,False,House,True,True,17,50,False,False,True,True,True,True,True,True,True,True,True,,Early Bird,False,False,Moderately Social,3,32.753177,-97.3327458,Vegan
Missyfrisco,49,F,True,Clean,"
290",0,Month to month,2016-12-01,"Electricity, Gas, Water, Trash pickup","Private bedroom, Private bathroom, Balcony/patio, Cable/satellite hookup, Closet, Furnished, Walk-in closet","House, 4 Bedroom, 2 Bath","Air conditioning, Alarm system, Balcony/patio, Cable/satellite, Dishwasher, Fireplace, Garage, High speed Internet, Laundry facility, Washer/dryer in unit, Microwave, Parking, Pool, Storage, Tennis courts, Yard"," Dallas, TX, 75252  ",False,17 - 50,A,True,"Clean, Average, Messy",False,4,4,True,False,House,True,True,17,50,False,False,True,True,True,True,True,True,True,True,True,,Early Bird,False,False,Moderately Social,5,32.7620405,-96.7790068,Vegetarian
Nate0830,34,M,True, Moderately Clean,600,200,Month to month,2016-12-01,"Electricity, Water, Trash pickup","Private bedroom, Cable/satellite hookup, Closet","House, 
3 Bedroom, 
2 Bath","Air conditioning, Alarm system, Dishwasher, Garage, High speed Internet, Laundry facility, Washer/dryer in unit, Microwave, Parking, Yard"," Arlington, TX, 76002  ",True,17 - 50,A,True,"Clean, Average, Messy",True,3,3,True,False,House,False,True,17,50,False,False,True,True,True,True,False,True,True,True,True,,Early Bird,True,True,Moderately Social,0,32.701939,-97.1057148358,Vegetarian
mr_zn24,25,M,True,Clean,"
450",200,Month to month,2016-12-01,"Electricity, Water","Private bedroom, Cable/satellite hookup, Closet","House, 4 Bedroom, 2 Bath","Air conditioning, Alarm system, Dishwasher, Garage, High speed Internet, Laundry facility, Washer/dryer in unit, Microwave, Parking, Yard"," Fort Worth, TX, 76109  ",False,17 - 50,A,True,"Clean, Average, Messy",False,4,4,True,False,House,False,True,17,50,False,False,True,True,True,True,False,True,True,True,True,,Early Bird,False,False,Moderately Social,1,32.753177,-97.3327458,Vegan
Jodyalee,28,M,False,Clean,550,0,Month to month,2016-12-01,"Electricity, Gas, Water, Trash pickup","Private bedroom, Balcony/patio, Cable/satellite hookup, Closet, Furnished, Master bedroom, View","Apartment, 
1 Bedroom, 
1 Bath","Air conditioning, Covered parking, Fitness center, High speed Internet, Washer/dryer in unit, Microwave, View"," Dallas, TX, 75244  ",False,18 - 40,M,True,"Clean, Average",True,1,1,True,True,Apartment,False,True,18,40,False,False,True,True,False,True,True,True,True,True,True,,Early Bird,True,True,I keep to myself,3,32.7620405,-96.7790068,Vegetarian
Mark54,43,O,True, Moderately Clean,900,0,Month to month,2016-12-01,"Electricity, Gas, Water, Trash pickup","Private bedroom, Private bathroom, Master bedroom, Walk-in closet","Townhouse/Condo, 
2 Bedroom, 
2.5 Bath","Air conditioning, Alarm system, Dishwasher, High speed Internet, Laundry facility, Washer/dryer in unit, Microwave, Parking, View, Yard"," Fort Worth, TX, 75211  ",False,18 - 40,A,True,"Clean, Average, Messy",True,2,2,True,False,Townhouse/Condo,False,True,18,40,False,False,True,True,True,True,False,True,True,True,True,,Early Bird,True,True,I keep to myself,0,32.753177,-97.3327458,Vegetarian
LivingLife,47,M,True,Clean,"
550",200,Month to month,2016-12-01,"Electricity, Water","Private bedroom, Private bathroom, Master bedroom, Walk-in closet","House, 4 Bedroom, 2 Bath","Air conditioning, Alarm system, Dishwasher, High speed Internet, Laundry facility, Washer/dryer in unit, Microwave, Parking, View, Yard"," Dallas, TX, 75211  ",False,17 - 50,A,True,"Clean, Average, Messy",False,4,4,True,False,House,False,True,17,50,False,False,True,True,True,True,False,True,True,True,True,,Early Bird,False,False,I keep to myself,7,32.7620405,-96.7790068,Vegetarian
Royse,47,M,True,Clean,600,300,Month to month,2016-12-01,"Electricity, Gas, Water, Trash pickup","Private bedroom, Private bathroom, Cable/satellite hookup, Closet, Furnished, Telephone hookup","House, 
4 Bedroom, 
3 Bath","Air conditioning, Balcony/patio, Cable/satellite, Covered parking, Dishwasher, Fireplace, Garage, High speed Internet, Laundry facility, Washer/dryer in unit, Microwave, Parking, Storage, Yard"," Dallas, TX, 75252  ",True,17 - 50,A,True,Clean,True,4,4,True,False,House,False,True,17,50,False,False,True,True,True,True,True,True,True,True,True,,Early Bird,True,True,Moderately Social,7,32.7620405,-96.7790068,Non-Vegetarian
lexie353,20,F,True, Moderately Clean,600,580,Month to month,2016-12-01,"Electricity, Gas, Water, Trash pickup","Private bedroom, Private bathroom, Balcony/patio, Closet, Furnished, Walk-in closet","Apartment, 
2 Bedroom, 
2 Bath","Air conditioning, Balcony/patio, Basketball courts, Covered parking, Dishwasher, Fitness center, Laundry facility, Washer/dryer in unit, Microwave, Parking, Pool, Yard"," Mesquite, TX, 75150  ",True,18 - 30,F,True,"Clean, Average",True,2,2,False,True,Apartment,True,False,18,30,False,False,True,True,True,True,True,True,True,True,True,,Early Bird,True,True,Moderately Social,2,32.7666103,-96.5994719,Non-Vegetarian
Jdenterprise,48,M,False,Clean,650,0,Month to month,2016-12-01,"Gas, Water, Trash pickup","Private bedroom, Private bathroom, Balcony/patio, Closet, Furnished, View, Walk-in closet","House, 
3 Bedroom, 
2.5 Bath","Air conditioning, Balcony/patio, Covered parking, Dishwasher, Fireplace, Garage, High speed Internet, Laundry facility, Washer/dryer in unit, Microwave, Parking, Pool, Spa/hot tub, Storage, View, Yard"," Addison, TX, 75248  ",False,28 - 45,M,True,"Clean, Average",True,3,3,True,False,House,True,True,28,45,False,False,True,True,True,True,True,True,True,True,True,,Early Bird,True,True,I keep to myself,6,32.9604305,-96.8302599316,Vegan
EvelynM34,32,F,True, Moderately Clean,"
0",0,Month to month,2016-12-01,"Electricity, Gas, Water, Trash pickup","Private bedroom, Private bathroom, Balcony/patio, Closet, Furnished, View, Walk-in closet","House, 4 Bedroom, 2 Bath","Air conditioning, Balcony/patio, Covered parking, Dishwasher, Fireplace, Garage, High speed Internet, Laundry facility, Washer/dryer in unit, Microwave, Parking, Pool, Spa/hot tub, Storage, View, Yard"," Fort Worth, TX, 76137  ",False,17 - 50,F,True,"Clean, Average",False,4,4,True,False,House,True,True,17,50,False,False,True,True,True,True,True,True,True,True,True,,Early Bird,False,False,I keep to myself,5,32.753177,-97.3327458,Vegan
Ryder,50,M,True,Clean,500,500,Month to month,2016-12-01,"Gas, Water","Private bedroom, Private bathroom, Balcony/patio, Closet, Furnished, View, Walk-in closet","House, 4 Bedroom, 2 Bath","Air conditioning, Balcony/patio, Covered parking, Dishwasher, Fireplace, Garage, High speed Internet, Laundry facility, Washer/dryer in unit, Microwave, Parking, Pool, Spa/hot tub, Storage, View, Yard"," Rockwall, TX, 75189  ",False,17 - 50,F,True,"Clean, Average",False,4,4,True,False,House,True,True,17,50,False,False,True,True,True,True,True,True,True,True,True,,Early Bird,False,False,I keep to myself,4,32.9312336,-96.4597088,Vegan
alexfg,42,M,True, Moderately Clean,450,200,Month to month,2016-12-01,"Electricity, Gas, Water, Trash pickup","Private bedroom, Private bathroom, Cable/satellite hookup, Closet, Furnished, Walk-in closet","House, 
4 Bedroom, 
2 Bath","Air conditioning, Cable/satellite, Covered parking, Dishwasher, Fireplace, Garage, High speed Internet, Washer/dryer in unit, Microwave, Parking, Yard"," Wylie, TX, 75098  ",True,30 - 45,A,True,"Clean, Average",True,4,4,True,False,House,False,True,30,45,False,False,True,True,False,True,True,True,True,True,True,,Early Bird,True,True,Moderately Social,7,33.0151201,-96.5388788,Non-Vegetarian
LindaVo620,19,F,False,Clean,570,200,Month to month,2016-12-01,"Electricity, Gas, Water, Trash pickup","Private bedroom, Private bathroom, Cable/satellite hookup, Closet, Furnished, Walk-in closet","House, 4 Bedroom, 2 Bath","Air conditioning, Cable/satellite, Covered parking, Dishwasher, Fireplace, Garage, High speed Internet, Washer/dryer in unit, Microwave, Parking, Yard"," Keller, TX, 76177  ",False,17 - 50,A,True,"Clean, Average, Messy",False,4,4,True,False,House,False,True,17,50,False,False,True,True,False,True,True,True,True,True,True,,Early Bird,False,False,Moderately Social,2,32.9299655,-97.2271248,Vegan
MitchellH10,24,F,True, Moderately Clean,400,400,Month to month,2016-12-01,"Water, Trash pickup","Private bedroom, Balcony/patio, Cable/satellite hookup, Closet, Private entrance, View, Walk-in closet","Apartment, 
3 Bedroom, 
2 Bath","Air conditioning, Balcony/patio, Covered parking, Dishwasher, Fitness center, High speed Internet, Laundry facility, Washer/dryer in unit, Microwave, Parking, Pool"," Arlington, TX, 75051  ",False,18 - 35,A,True,"Clean, Average",True,3,3,True,True,Apartment,True,True,18,35,False,False,True,True,True,True,False,True,True,True,True,,Early Bird,True,True,I keep to myself,1,32.701939,-97.1057148358,Non-Vegetarian
roomie4u,26,F,True,Clean,675,300,Month to month,2016-12-19,N/A,"Private bedroom, Balcony/patio, Closet, Telephone hookup","House, 
3 Bedroom, 
2 Bath","Air conditioning, Balcony/patio, Dishwasher, High speed Internet, Laundry facility, Washer/dryer in unit, Microwave, Parking, Storage, Yard"," Fort Worth, TX, 76118  ",False,17 - 50,A,True,"Clean, Average, Messy",True,3,3,True,False,House,False,True,17,50,False,False,True,True,True,True,False,True,True,True,True,,Early Bird,True,True,I keep to myself,1,32.753177,-97.3327458,Non-Vegetarian
oshii,50,F,True, Moderately Clean,500,200,Month to month,2016-12-01,"Electricity, Gas, Water, Trash pickup","Private bedroom, Balcony/patio, Closet, Telephone hookup","House, 4 Bedroom, 2 Bath","Air conditioning, Balcony/patio, Dishwasher, High speed Internet, Laundry facility, Washer/dryer in unit, Microwave, Parking, Storage, Yard"," Carrollton, TX, 75007  ",False,17 - 50,F,True,"Clean, Average, Messy",False,4,4,True,False,House,False,True,17,50,False,False,True,True,True,True,False,True,True,True,True,,Early Bird,False,False,I keep to myself,1,32.9537349,-96.8902815,Vegan
Lisa2727,19,F,False,Clean,500,150,Month to month,2016-12-01,"Electricity, Gas, Water, Trash pickup","Private bedroom, Balcony/patio, Closet, Telephone hookup","House, 4 Bedroom, 2 Bath","Air conditioning, Balcony/patio, Dishwasher, High speed Internet, Laundry facility, Washer/dryer in unit, Microwave, Parking, Storage, Yard"," Dallas, TX, 75229  ",False,17 - 50,M,True,"Clean, Average, Messy",False,4,4,True,False,House,False,True,17,50,False,False,True,True,True,True,False,True,True,True,True,,Early Bird,False,False,Moderately Social,7,32.7620405,-96.7790068,Vegetarian
Lawcreed,25,O,True,Clean,450,450,Month to month,2016-12-01,"Electricity, Gas, Water, Trash pickup","Private bedroom, Balcony/patio, Cable/satellite hookup, Closet","House, 
3 Bedroom, 
2 Bath","Air conditioning, Balcony/patio, Cable/satellite, Dishwasher, Garage, High speed Internet, Laundry facility, Washer/dryer in unit, Microwave, Parking, Yard"," Arlington, TX, 76010  ",True,17 - 50,M,True,Clean,True,3,3,True,False,House,False,True,17,50,False,False,True,True,True,True,False,True,True,True,True,,Early Bird,True,True,Moderately Social,0,32.701939,-97.1057148358,Vegan
GrabberBlue,47,O,True, Moderately Clean,600,150,Month to month,2016-12-01,"Electricity, Gas, Water, Trash pickup","Private bedroom, Cable/satellite hookup, Closet, Furnished, Telephone hookup","House, 
3 Bedroom, 
2.5 Bath","Air conditioning, Cable/satellite, Dishwasher, Fireplace, High speed Internet, Washer/dryer in unit, Microwave, Pool, Yard"," Fort Worth, TX, 76112  ",True,17 - 50,A,True,"Clean, Average, Messy",True,3,3,True,False,House,True,True,17,50,False,False,True,True,False,True,True,True,True,True,True,,Early Bird,True,True,I keep to myself,1,32.753177,-97.3327458,Non-Vegetarian
rebelboy09,45,O,True, Moderately Clean,300,0,Month to month,2016-12-01,N/A,"Private bedroom, Cable/satellite hookup, Closet, Furnished, Telephone hookup","House, 4 Bedroom, 2 Bath","Air conditioning, Cable/satellite, Dishwasher, Fireplace, High speed Internet, Washer/dryer in unit, Microwave, Pool, Yard"," Mansfield, TX, 76063  ",False,17 - 50,M,True,"Clean, Average, Messy",False,4,4,True,False,House,True,True,17,50,False,False,True,True,False,True,True,True,True,True,True,,Early Bird,False,False,I keep to myself,4,32.5631924,-97.1416767,Vegan
Williams74,34,M,False,Clean,"
400",0,Month to month,2016-12-01,"Electricity, Gas, Water, Trash pickup","Private bedroom, Private bathroom, Balcony/patio, Cable/satellite hookup, Master bedroom, Telephone hookup, Walk-in closet","Apartment, 
2 Bedroom, 
2 Bath","Air conditioning, Balcony/patio, Cable/satellite, Covered parking, Dishwasher, Fireplace, High speed Internet, Laundry facility, Microwave, Pool, Storage, Tennis courts"," Arlington, TX, 76011  ",True,23 - 38,M,True,"Clean, Average, Messy",True,2,2,True,False,Apartment,True,True,23,38,False,False,True,True,True,False,False,True,True,True,True,,Early Bird,True,True,I keep to myself,7,32.701939,-97.1057148358,Vegan
Prettivivi,31,F,False,Clean,"
400",0,Month to month,2016-12-01,"Electricity, Water","Private bedroom, Closet, Furnished","Apartment, 
1 Bedroom, 
1 Bath","Air conditioning, Dishwasher, Washer/dryer in unit, Pool"," Carrollton, TX, 75007  ",True,18 - 45,F,True,"Clean, Average, Messy",True,1,1,False,False,Apartment,True,False,18,45,False,False,True,True,False,True,True,True,True,True,True,,Early Bird,True,True,Moderately Social,4,32.9537349,-96.8902815,Vegan
Art,36,F,False,Clean,950,800,Month to month,2016-12-01,"Electricity, Gas, Water, Trash pickup","Private bedroom, Private bathroom, Balcony/patio, Cable/satellite hookup, Closet, Furnished, Master bedroom, Telephone hookup, View, Walk-in closet","House, 
2 Bedroom, 
2.5 Bath","Air conditioning, Alarm system, Balcony/patio, Cable/satellite, Covered parking, Dishwasher, Fireplace, Garage, High speed Internet, Washer/dryer in unit, Microwave, Parking, Storage, Tennis courts, View, Yard"," Addison, TX, 75252  ",True,17 - 50,F,True,"Clean, Average",True,2,2,True,False,House,False,True,17,50,False,False,True,True,False,True,True,True,True,True,True,,Early Bird,True,True,Moderately Social,3,32.9604305,-96.8302599316,Vegan
trinity832,53,M,False,Clean,700,0,Month to month,2016-12-01,"Electricity, Gas, Water, Trash pickup","Private bedroom, Private bathroom, Balcony/patio, Cable/satellite hookup, Closet, Furnished, Telephone hookup, View","House, 
4 Bedroom, 
2.5 Bath","Air conditioning, Alarm system, Balcony/patio, Cable/satellite, Dishwasher, Fireplace, Garage, High speed Internet, Washer/dryer in unit, Microwave, Parking, Pool, Storage, View, Yard"," Garland, TX, 75043  ",True,25 - 50,M,True,"Clean, Average",True,4,4,True,False,House,True,True,25,50,False,False,True,True,False,True,True,True,True,True,True,,Early Bird,True,True,I keep to myself,7,32.912624,-96.6388832,Vegetarian
AEN,21,F,True,Clean,450,100,Month to month,2016-12-01,N/A,"Private bedroom, Private bathroom, Balcony/patio, Cable/satellite hookup, Closet, Furnished, Telephone hookup, View","House, 4 Bedroom, 2 Bath","Air conditioning, Alarm system, Balcony/patio, Cable/satellite, Dishwasher, Fireplace, Garage, High speed Internet, Washer/dryer in unit, Microwave, Parking, Pool, Storage, View, Yard"," Fort Worth, TX, 76123  ",False,17 - 50,F,True,"Clean, Average, Messy",False,4,4,True,False,House,True,True,17,50,False,False,True,True,False,True,True,True,True,True,True,,Early Bird,False,False,I keep to myself,0,32.753177,-97.3327458,Vegan
Phlipper33,44,M,True, Moderately Clean,600,500,Month to month,2016-12-01,N/A,"Private bedroom, Private bathroom, Balcony/patio, Cable/satellite hookup, Closet, Furnished, Telephone hookup, View","House, 4 Bedroom, 2 Bath","Air conditioning, Alarm system, Balcony/patio, Cable/satellite, Dishwasher, Fireplace, Garage, High speed Internet, Washer/dryer in unit, Microwave, Parking, Pool, Storage, View, Yard"," Frisco, TX, 75035  ",False,17 - 50,F,True,"Clean, Average",False,4,4,True,False,House,True,True,17,50,False,False,True,True,False,True,True,True,True,True,True,,Early Bird,False,False,I keep to myself,0,33.1506744,-96.8236115,Vegetarian
AnalogRobot,23,O,False, Moderately Clean,"
0",0,Month to month,2016-12-27,"Electricity, Gas, Water, Trash pickup","Private bedroom, Private bathroom, Balcony/patio, Cable/satellite hookup, Closet, Furnished, Telephone hookup, View","House, 4 Bedroom, 2 Bath","Air conditioning, Alarm system, Balcony/patio, Cable/satellite, Dishwasher, Fireplace, Garage, High speed Internet, Washer/dryer in unit, Microwave, Parking, Pool, Storage, View, Yard"," Dallas, TX, 78225  ",False,17 - 50,M,True,"Clean, Average, Messy",False,4,4,True,False,House,True,True,17,50,False,False,True,True,False,True,True,True,True,True,True,,Early Bird,False,False,I keep to myself,0,32.7620405,-96.7790068,Non-Vegetarian
bcampion6,27,F,False,Clean,"
400",0,Month to month,2016-12-01,"Water, Trash pickup","Private bedroom, Private bathroom, Cable/satellite hookup, Closet, Walk-in closet","Dwelling, 
3 Bedroom, 
2 Bath","Air conditioning, Balcony/patio, Cable/satellite, Dishwasher, Garage, High speed Internet, Washer/dryer in unit, Microwave, Parking, Storage, Yard"," Fort Worth, TX, 76116  ",True,21 - 35,F,True,"Clean, Average",True,3,3,True,False,Dwelling,False,True,21,35,False,False,True,True,False,True,False,True,True,True,True,,Early Bird,True,True,I keep to myself,0,32.753177,-97.3327458,Vegetarian
forevermore,29,F,True,Clean,"
400",0,Month to month,2016-12-01,"Electricity, Gas, Water, Trash pickup","Private bedroom, Balcony/patio, Cable/satellite hookup, Closet, Furnished, Master bedroom, Telephone hookup","House, 
3 Bedroom, 
1 Bath","Air conditioning, Alarm system, Balcony/patio, Cable/satellite, Dishwasher, Garage, High speed Internet, Laundry facility, Washer/dryer in unit, Microwave, Parking, Storage, Yard"," Irving, TX, 75062  ",False,18 - 30,A,True,"Clean, Average",True,3,3,True,False,House,False,True,18,30,False,False,True,True,True,True,True,True,True,True,True,,Early Bird,True,True,I keep to myself,6,32.8295183,-96.9442176,Vegan
CrashDS,50,M,True,Clean,700,700,Month to month,2016-12-01,"Electricity, Water, Trash pickup","Private bedroom, Balcony/patio, Cable/satellite hookup, Closet, Furnished, Master bedroom, Telephone hookup","House, 4 Bedroom, 2 Bath","Air conditioning, Alarm system, Balcony/patio, Cable/satellite, Dishwasher, Garage, High speed Internet, Laundry facility, Washer/dryer in unit, Microwave, Parking, Storage, Yard"," Frisco, TX, 75033  ",False,17 - 50,M,True,"Clean, Average, Messy",False,4,4,True,False,House,False,True,17,50,False,False,True,True,True,True,True,True,True,True,True,,Early Bird,False,False,Moderately Social,7,33.1506744,-96.8236115,Non-Vegetarian
karthi,24,O,True, Moderately Clean,800,800,Month to month,2016-12-01,N/A,"Private bedroom, Balcony/patio, Cable/satellite hookup, Closet, Furnished, Master bedroom, Telephone hookup","House, 4 Bedroom, 2 Bath","Air conditioning, Alarm system, Balcony/patio, Cable/satellite, Dishwasher, Garage, High speed Internet, Laundry facility, Washer/dryer in unit, Microwave, Parking, Storage, Yard"," Dallas, TX, 75208  ",False,17 - 50,F,True,"Clean, Average",False,4,4,True,False,House,False,True,17,50,False,False,True,True,True,True,True,True,True,True,True,,Early Bird,False,False,Moderately Social,7,32.7620405,-96.7790068,Vegetarian
wavydude,28,F,False,Clean,"
1100",0,Month to month,2016-12-01,"Electricity, Gas, Water, Trash pickup","Private bedroom, Private bathroom, Cable/satellite hookup, Closet, Furnished, Master bedroom, Private entrance, Telephone hookup, View, Walk-in closet","Apartment, 
2 Bedroom, 
2 Bath","Air conditioning, Cable/satellite, Dishwasher, Elevator, Fitness center, High speed Internet, Washer/dryer in unit, Microwave, Parking, Pool, Storage, View"," Dallas, TX, 75215  ",True,24 - 33,F,True,Clean,True,2,2,True,True,Apartment,True,True,24,33,False,False,True,True,False,True,True,True,True,True,True,,Early Bird,True,True,I keep to myself,5,32.7620405,-96.7790068,Vegan
HyrmonieD,36,M,False,Clean,"
600",300,Month to month,2016-11-27,Trash pickup,"Private bedroom, Private bathroom","House, 
3 Bedroom, 
2 Bath","Air conditioning, Cable/satellite, Dishwasher, Fitness center, High speed Internet, Washer/dryer in unit, Microwave, Parking, Pool, Yard"," Little Elm, TX, 75068  ",True,25 - 45,M,True,Clean,True,3,3,True,True,House,True,True,25,45,False,False,True,False,False,True,False,False,False,True,True,,Early Bird,True,True,I keep to myself,4,33.1626194,-96.937505,Vegan
Jruddell,36,M,True, Moderately Clean,"
350",350,Month to month,2016-12-01,"Electricity, Gas, Water, Trash pickup","Private bedroom, Private bathroom","House, 4 Bedroom, 2 Bath","Air conditioning, Cable/satellite, Dishwasher, Fitness center, High speed Internet, Washer/dryer in unit, Microwave, Parking, Pool, Yard"," Dallas, TX, 75206  ",False,17 - 50,M,True,"Clean, Average",False,4,4,True,True,House,True,True,17,50,False,False,True,False,False,True,False,False,False,True,True,,Early Bird,False,False,I keep to myself,2,32.7620405,-96.7790068,Non-Vegetarian
PRai,38,F,True,Clean,"
500",0,Month to month,2016-12-01,"Electricity, Gas, Water, Trash pickup","Private bedroom, Private bathroom, Balcony/patio, Cable/satellite hookup, Closet, View","House, 
3 Bedroom, 
1.5 Bath","Air conditioning, Alarm system, Balcony/patio, Dishwasher, Fireplace, Fitness center, Garage, High speed Internet, Laundry facility, Washer/dryer in unit, Microwave, Parking, Storage, Yard"," Dallas, TX, 75227  ",True,35 - 50,F,True,"Clean, Average",True,3,3,True,True,House,False,True,35,50,False,False,True,True,True,True,False,True,True,True,True,,Early Bird,True,True,Moderately Social,7,32.7620405,-96.7790068,Vegan
JeffM,19,F,True,Clean,"
600",50,Month to month,2016-12-01,N/A,"Private bedroom, Private bathroom, Closet, View","Apartment, 
2 Bedroom, 
2 Bath","Air conditioning, Balcony/patio, Covered parking, Dishwasher, Fitness center, Washer/dryer in unit, Microwave, Parking, Pool, Storage, View"," Plano, TX, 75025  ",False,18 - 25,F,True,"Clean, Average",True,2,2,False,True,Apartment,True,False,18,25,False,False,True,True,False,True,False,True,True,True,True,,Early Bird,True,True,Moderately Social,6,33.0136764,-96.6925095,Non-Vegetarian
jsCarrollton,43,O,True,Clean,"
400",200,Month to month,2016-12-01,"Electricity, Gas, Water, Trash pickup","Private bedroom, Cable/satellite hookup, Closet","House, 
1 Bedroom, 
2 Bath","Air conditioning, Basketball courts, Cable/satellite, Fireplace, Fitness center, Garage, High speed Internet, Washer/dryer in unit, Microwave, Yard"," Arlington, TX, 76013  ",True,20 - 60,M,True,Clean,True,1,1,True,True,House,False,True,20,60,False,False,True,True,False,True,False,True,True,True,True,,Early Bird,True,True,I keep to myself,6,32.701939,-97.1057148358,Vegetarian
mnminer,42,M,False,Clean,"
1050",600,Month to month,2016-11-25,"Electricity, Gas, Water, Trash pickup","Private bedroom, Cable/satellite hookup, Closet","House, 4 Bedroom, 2 Bath","Air conditioning, Basketball courts, Cable/satellite, Fireplace, Fitness center, Garage, High speed Internet, Washer/dryer in unit, Microwave, Yard"," Dallas, TX, 75206  ",False,17 - 50,F,True,Clean,False,4,4,True,True,House,False,True,17,50,False,False,True,True,False,True,False,True,True,True,True,,Early Bird,False,False,I keep to myself,2,32.7620405,-96.7790068,Vegetarian
Miramda,47,M,True, Moderately Clean,"
600",250,Month to month,2016-12-01,"Electricity, Gas, Water, Trash pickup","Private bedroom, Cable/satellite hookup, Closet","House, 4 Bedroom, 2 Bath","Air conditioning, Basketball courts, Cable/satellite, Fireplace, Fitness center, Garage, High speed Internet, Washer/dryer in unit, Microwave, Yard"," Farmers Branch, TX, 75234  ",False,17 - 50,F,True,"Clean, Average",False,4,4,True,True,House,False,True,17,50,False,False,True,True,False,True,False,True,True,True,True,,Early Bird,False,False,I keep to myself,6,32.9265137,-96.896115,Vegan
lis8987,48,O,True,Clean,"
800",0,Month to month,2016-12-01,"Electricity, Water, Trash pickup","Private bedroom, Cable/satellite hookup, Closet","House, 4 Bedroom, 2 Bath","Air conditioning, Basketball courts, Cable/satellite, Fireplace, Fitness center, Garage, High speed Internet, Washer/dryer in unit, Microwave, Yard"," Fate, TX, 75087  ",False,17 - 50,M,True,"Clean, Average",False,4,4,True,True,House,False,True,17,50,False,False,True,True,False,True,False,True,True,True,True,,Early Bird,False,False,Moderately Social,1,32.9415107,-96.3813724,Non-Vegetarian
elo454,61,M,False,Clean,"
400",0,Month to month,2016-12-01,"Electricity, Gas, Water, Trash pickup","Private bedroom, Private bathroom, Balcony/patio, Closet, Furnished, Telephone hookup, View","House, 
3 Bedroom, 
2 Bath","Air conditioning, Balcony/patio, Dishwasher, Garage, Laundry facility, Microwave, View, Yard"," Fort Worth, TX, 76108  ",False,17 - 50,M,True,"Clean, Average",True,3,3,False,False,House,False,False,17,50,False,False,True,True,True,False,True,True,True,True,True,,Early Bird,True,True,Moderately Social,7,32.753177,-97.3327458,Vegetarian
TonyP2210,22,M,True,Clean,"
500",0,Month to month,2016-12-01,"Electricity, Water, Trash pickup","Private bedroom, Private bathroom, Closet","House, 
4 Bedroom, 
3 Bath","Air conditioning, Cable/satellite, Yard"," Fort Worth, TX, 76110  ",False,17 - 50,F,True,"Clean, Average",True,4,4,False,False,House,False,False,17,50,False,False,True,True,False,False,False,True,True,True,True,,Early Bird,True,True,I keep to myself,0,32.753177,-97.3327458,Non-Vegetarian
HMLB,40,M,True,Clean,"
600",0,Month to month,2016-12-01,"Electricity, Gas, Water, Trash pickup","Private bedroom, Balcony/patio, Cable/satellite hookup, Closet, Furnished, View, Walk-in closet","House, 
3 Bedroom, 
2 Bath","Air conditioning, Alarm system, Balcony/patio, Basketball courts, Cable/satellite, Dishwasher, Fireplace, Fitness center, Garage, High speed Internet, Laundry facility, Washer/dryer in unit, Microwave, Pool, Storage, View, Yard"," Pasadena, TX, 77505  ",False,18 - 48,M,True,"Clean, Average, Messy",True,3,3,True,True,House,True,True,18,48,False,False,True,True,True,True,True,True,True,True,True,,Early Bird,True,True,I keep to myself,5,29.6910625,-95.2091005,Vegetarian
Katy-frthorn,37,F,True,Clean,"
700",100,Month to month,2016-12-01,"Electricity, Gas, Water, Trash pickup","Private bedroom, Balcony/patio, Cable/satellite hookup, Closet, Furnished, Master bedroom","House, 
3 Bedroom, 
1 Bath","Air conditioning, Alarm system, Balcony/patio, Cable/satellite, Dishwasher, High speed Internet, Laundry facility, Microwave, Parking, Storage, Yard"," Houston, TX, 77034  ",True,29 - 99,F,True,"Clean, Average",True,3,3,True,False,House,False,True,29,99,False,False,True,True,True,False,True,True,True,True,True,,Early Bird,True,True,I keep to myself,4,29.7589382,-95.3676973,Non-Vegetarian
Halit,56,M,True,Clean,"
1000",85,Month to month,2016-12-01,"Electricity, Water, Trash pickup","Private bedroom, Private bathroom, Balcony/patio, Cable/satellite hookup, Master bedroom, View, Walk-in closet","Apartment, 
2 Bedroom, 
2 Bath","Air conditioning, Balcony/patio, Cable/satellite, Covered parking, Dishwasher, Elevator, Fitness center, High speed Internet, Washer/dryer in unit, Microwave, Pool, Storage, View, Wheelchair access"," Houston, TX, 77006  ",True,17 - 50,M,True,Clean,True,2,2,True,True,Apartment,True,True,17,50,False,False,True,True,False,True,False,True,True,True,True,,Early Bird,True,True,Moderately Social,0,29.7589382,-95.3676973,Non-Vegetarian
Justalibra,43,F,True,Clean,"
500",500,Month to month,2016-12-01,"Gas, Water, Trash pickup","Private bedroom, Private bathroom, Balcony/patio, Cable/satellite hookup, Master bedroom, View, Walk-in closet","House, 4 Bedroom, 2 Bath","Air conditioning, Balcony/patio, Cable/satellite, Covered parking, Dishwasher, Elevator, Fitness center, High speed Internet, Washer/dryer in unit, Microwave, Pool, Storage, View, Wheelchair access"," League City, TX, 77573  ",False,17 - 50,A,True,Clean,False,4,4,True,True,House,True,True,17,50,False,False,True,True,False,True,False,True,True,True,True,,Early Bird,False,False,Moderately Social,2,29.5074538,-95.0949302,Vegetarian
MasonLakes,23,F,True,Clean,"
500",0,Month to month,2016-12-01,"Electricity, Gas, Water, Trash pickup","Private bedroom, Private bathroom, Balcony/patio, Cable/satellite hookup, Master bedroom, View, Walk-in closet","House, 4 Bedroom, 2 Bath","Air conditioning, Balcony/patio, Cable/satellite, Covered parking, Dishwasher, Elevator, Fitness center, High speed Internet, Washer/dryer in unit, Microwave, Pool, Storage, View, Wheelchair access"," Conroe, TX, 77303  ",False,17 - 50,A,True,"Clean, Average, Messy",False,4,4,True,True,House,True,True,17,50,False,False,True,True,False,True,False,True,True,True,True,,Early Bird,False,False,I keep to myself,6,30.3118769,-95.4560511,Vegan
Aida8866,37,M,False, Moderately Clean,800,800,Month to month,2017-01-01,"Electricity, Gas, Water, Trash pickup","Private bedroom, Private bathroom, Balcony/patio, Cable/satellite hookup, Master bedroom, View, Walk-in closet","House, 4 Bedroom, 2 Bath","Air conditioning, Balcony/patio, Cable/satellite, Covered parking, Dishwasher, Elevator, Fitness center, High speed Internet, Washer/dryer in unit, Microwave, Pool, Storage, View, Wheelchair access"," Tomball, TX, 77377  ",False,17 - 50,F,True,"Clean, Average",False,4,4,True,True,House,True,True,17,50,False,False,True,True,False,True,False,True,True,True,True,,Early Bird,False,False,I keep to myself,7,30.0971621,-95.6160548,Non-Vegetarian
Jay12345,18,M,False,Clean,"
600",0,Month to month,2016-12-01,"Electricity, Gas, Water, Trash pickup","Private bedroom, Private bathroom, Cable/satellite hookup, Closet, Walk-in closet","House, 
3 Bedroom, 
2 Bath","Air conditioning, Balcony/patio, Cable/satellite, Dishwasher, Garage, High speed Internet, Laundry facility, Washer/dryer in unit, Microwave, Parking, Storage, Yard"," Richmond, TX, 77469  ",True,18 - 27,M,True,"Clean, Average",True,3,3,True,False,House,False,True,18,27,False,False,True,True,True,True,False,True,True,True,True,,Early Bird,True,True,I keep to myself,5,29.5821811,-95.7607831,Non-Vegetarian
MartyZ7,23,F,True, Moderately Clean,"
500",0,Month to month,2016-12-01,N/A,"Private bedroom, Private bathroom, Cable/satellite hookup, Closet, Walk-in closet","House, 4 Bedroom, 2 Bath","Air conditioning, Balcony/patio, Cable/satellite, Dishwasher, Garage, High speed Internet, Laundry facility, Washer/dryer in unit, Microwave, Parking, Storage, Yard"," The Woodlands, TX, 77630  ",False,17 - 50,F,True,"Clean, Average",False,4,4,True,False,House,False,True,17,50,False,False,True,True,True,True,False,True,True,True,True,,Early Bird,False,False,I keep to myself,3,30.1734194,-95.5046859,Vegetarian
JPate,27,F,False,Clean,"
850",500,Month to month,2016-12-01,"Electricity, Gas, Water, Trash pickup","Private bedroom, Closet","House, 
3 Bedroom, 
2 Bath","Air conditioning, Balcony/patio, Cable/satellite, Dishwasher, Fireplace, Garage, High speed Internet, Washer/dryer in unit, Microwave, Yard"," Pearland, TX, 77584  ",True,22 - 50,F,True,"Clean, Average",True,3,3,True,False,House,False,True,22,50,False,False,True,True,False,True,False,True,True,True,True,,Early Bird,True,True,I keep to myself,7,29.5639758,-95.2864298,Non-Vegetarian
Samadhi,34,M,False,Clean,"
1000",1000,Month to month,2016-12-01,"Gas, Water, Trash pickup","Private bedroom, Private bathroom, Cable/satellite hookup, Furnished, Walk-in closet","House, 
3 Bedroom, 
2.5 Bath","Air conditioning, Dishwasher, Fireplace, Fitness center, High speed Internet, Washer/dryer in unit, Microwave, Pool, Spa/hot tub, Yard"," Houston, TX, 77494  ",True,28 - 60,M,True,Clean,True,3,3,True,True,House,True,True,28,60,False,False,True,True,False,True,True,True,True,True,True,,Early Bird,True,True,I keep to myself,1,29.7589382,-95.3676973,Non-Vegetarian
Kiersy,28,F,False,Clean,"
500",125,Month to month,2016-12-01,"Electricity, Gas, Water","Private bedroom, Private bathroom, Cable/satellite hookup, Furnished, Walk-in closet","House, 4 Bedroom, 2 Bath","Air conditioning, Dishwasher, Fireplace, Fitness center, High speed Internet, Washer/dryer in unit, Microwave, Pool, Spa/hot tub, Yard"," Houston, TX, 77074  ",False,17 - 50,A,True,"Clean, Average, Messy",False,4,4,True,True,House,True,True,17,50,False,False,True,True,False,True,True,True,True,True,True,,Early Bird,False,False,Moderately Social,6,29.7589382,-95.3676973,Non-Vegetarian
der_sun2003,33,O,True,Clean,"
600",200,Month to month,2016-12-01,"Electricity, Water, Trash pickup","Private bedroom, Private bathroom, Cable/satellite hookup, Furnished, Walk-in closet","House, 4 Bedroom, 2 Bath","Air conditioning, Dishwasher, Fireplace, Fitness center, High speed Internet, Washer/dryer in unit, Microwave, Pool, Spa/hot tub, Yard"," Houston, TX, 77494  ",False,17 - 50,M,True,"Clean, Average, Messy",False,4,4,True,True,House,True,True,17,50,False,False,True,True,False,True,True,True,True,True,True,,Early Bird,False,False,Moderately Social,1,29.7589382,-95.3676973,Vegan
CPompa24,26,F,True,I don't care,350,50,Month to month,2016-12-01,"Electricity, Gas, Water","Private bedroom, Private bathroom, Cable/satellite hookup, Furnished, Walk-in closet","House, 4 Bedroom, 2 Bath","Air conditioning, Dishwasher, Fireplace, Fitness center, High speed Internet, Washer/dryer in unit, Microwave, Pool, Spa/hot tub, Yard"," Houston, TX, 77089  ",False,17 - 50,A,True,"Clean, Average",False,4,4,True,True,House,True,True,17,50,False,False,True,True,False,True,True,True,True,True,True,,Early Bird,False,False,I keep to myself,1,29.7589382,-95.3676973,Vegan
Seanmx45,58,M,True, Moderately Clean,"
650",300,Month to month,2016-12-01,"Electricity, Gas, Water, Trash pickup","Private bedroom, Private bathroom, Cable/satellite hookup, Closet, Furnished, Walk-in closet","House, 
3 Bedroom, 
2.5 Bath","Air conditioning, Alarm system, Balcony/patio, Cable/satellite, Covered parking, Dishwasher, Fireplace, Fitness center, Garage, High speed Internet, Washer/dryer in unit, Microwave, Storage, Yard"," Houston, TX, 77091  ",True,36 - 65,M,True,"Clean, Average",True,3,3,True,True,House,False,True,36,65,False,False,True,True,False,True,True,True,True,True,True,,Early Bird,True,True,I keep to myself,7,29.7589382,-95.3676973,Vegetarian
Loai,32,F,False, Moderately Clean,"
700",700,Month to month,2016-12-01,"Electricity, Gas, Water, Trash pickup","Private bedroom, Private bathroom, Furnished, Walk-in closet","House, 
4 Bedroom, 
3 Bath","Air conditioning, Alarm system, Balcony/patio, Cable/satellite, Dishwasher, Fireplace, Fitness center, Garage, High speed Internet, Washer/dryer in unit, Microwave, Parking, Storage, View, Yard"," Missouri City, TX, 77545  ",True,25 - 60,F,True,"Clean, Average",True,4,4,True,True,House,False,True,25,60,False,False,True,True,False,True,True,True,True,True,True,,Early Bird,True,True,I keep to myself,7,29.6185669,-95.5377214,Vegan
LWalsh57,38,F,True,Clean,"
400",0,Month to month,2016-12-01,"Electricity, Water, Trash pickup","Private bedroom, Private bathroom, Furnished, Walk-in closet","House, 4 Bedroom, 2 Bath","Air conditioning, Alarm system, Balcony/patio, Cable/satellite, Dishwasher, Fireplace, Fitness center, Garage, High speed Internet, Washer/dryer in unit, Microwave, Parking, Storage, View, Yard"," Conroe, TX, 77303  ",False,17 - 50,M,True,"Clean, Average, Messy",False,4,4,True,True,House,False,True,17,50,False,False,True,True,False,True,True,True,True,True,True,,Early Bird,False,False,Moderately Social,0,30.3118769,-95.4560511,Non-Vegetarian
amanduh96,24,M,False,Clean,"
900",0,Month to month,2016-12-01,"Electricity, Water, Trash pickup","Private bedroom, Balcony/patio, Cable/satellite hookup, Closet","Apartment, 
2 Bedroom, 
1 Bath","Air conditioning, Balcony/patio, Basketball courts, Cable/satellite, Covered parking, Dishwasher, Elevator, Fitness center, Garage, High speed Internet, Washer/dryer in unit, Microwave, Parking, Pool, Spa/hot tub, Storage, Tennis courts"," Houston, TX, 77024  ",False,18 - 35,M,True,"Clean, Average",True,2,2,True,True,Apartment,True,True,18,35,False,False,True,True,False,True,False,True,True,True,True,,Early Bird,True,True,Moderately Social,1,29.7589382,-95.3676973,Vegetarian
johnlazo,33,M,True,Clean,"
500",0,Month to month,2016-12-01,"Electricity, Gas, Water, Trash pickup","Private bedroom, Balcony/patio, Cable/satellite hookup, Closet","House, 4 Bedroom, 2 Bath","Air conditioning, Balcony/patio, Basketball courts, Cable/satellite, Covered parking, Dishwasher, Elevator, Fitness center, Garage, High speed Internet, Washer/dryer in unit, Microwave, Parking, Pool, Spa/hot tub, Storage, Tennis courts"," Katy, TX, 77449  ",False,17 - 50,A,True,"Clean, Average",False,4,4,True,True,House,True,True,17,50,False,False,True,True,False,True,False,True,True,True,True,,Early Bird,False,False,I keep to myself,3,29.7857853,-95.8243955,Non-Vegetarian
Spiritual,45,M,True, Moderately Clean,1000,300,Month to month,2016-11-26,"Electricity, Gas, Water, Trash pickup","Private bedroom, Private bathroom, Balcony/patio, Cable/satellite hookup, Closet, Master bedroom, Private entrance, Telephone hookup, View","House, 
4 Bedroom, 
2 Bath","Air conditioning, Balcony/patio, Basketball courts, Cable/satellite, High speed Internet, Laundry facility, Washer/dryer in unit, Parking, Storage, Yard"," Houston, TX, 77007  ",True,18 - 65,A,True,"Clean, Average",True,4,4,True,False,House,False,True,18,65,False,False,True,True,True,True,False,True,True,True,True,,Early Bird,True,True,I keep to myself,4,29.7589382,-95.3676973,Vegan
Gabe,50,O,True,Clean,"
800",0,Month to month,2016-12-01,"Electricity, Gas, Water, Trash pickup","Private bedroom, Private bathroom, Balcony/patio, Cable/satellite hookup, Closet, Master bedroom, Private entrance, Telephone hookup, View","House, 4 Bedroom, 2 Bath","Air conditioning, Balcony/patio, Basketball courts, Cable/satellite, High speed Internet, Laundry facility, Washer/dryer in unit, Parking, Storage, Yard"," Houston, TX, 77076  ",False,17 - 50,F,True,"Clean, Average, Messy",False,4,4,True,False,House,False,True,17,50,False,False,True,True,True,True,False,True,True,True,True,,Early Bird,False,False,I keep to myself,1,29.7589382,-95.3676973,Vegan
Patch1,27,O,True,Clean,800,800,Month to month,2016-12-01,"Electricity, Gas, Water, Trash pickup","Private bedroom, Private bathroom, Cable/satellite hookup, Closet, Furnished, View, Walk-in closet","House, 
5 Bedroom, 
3 Bath","Air conditioning, Cable/satellite, Covered parking, Dishwasher, Fireplace, Garage, High speed Internet, Laundry facility, Washer/dryer in unit, Microwave, Parking, Storage, View, Yard"," Houston, TX, 77406  ",False,17 - 50,F,True,"Clean, Average, Messy",True,5,5,True,False,House,False,True,17,50,False,False,True,True,True,True,True,True,True,True,True,,Early Bird,True,True,Moderately Social,6,29.7589382,-95.3676973,Vegetarian
Unicyclegirl,21,M,True, Moderately Clean,450,250,Month to month,2016-12-01,"Electricity, Gas, Water, Trash pickup","Private bedroom, Balcony/patio, Closet, Furnished","House, 
3 Bedroom, 
2 Bath","Air conditioning, Alarm system, Cable/satellite, High speed Internet, Washer/dryer in unit, Microwave, Pool, Spa/hot tub, Yard"," Katy, TX, 77449  ",True,18 - 65,F,True,"Clean, Average",True,3,3,True,False,House,True,True,18,65,False,False,True,True,False,True,True,True,True,True,True,,Early Bird,True,True,Moderately Social,7,29.7857853,-95.8243955,Vegan
ASkelton79,36,M,True,Clean,"
450",200,Month to month,2016-12-01,"Gas, Water, Trash pickup","Private bedroom, Private bathroom, Balcony/patio, Cable/satellite hookup, Closet, Furnished, Telephone hookup, View","Apartment, 
3 Bedroom, 
2 Bath","Air conditioning, Balcony/patio, Cable/satellite, Dishwasher, Fitness center, Garage, Laundry facility, Washer/dryer in unit, Microwave, Parking, Pool, Storage, View, Wheelchair access"," Porter, TX, 77365  ",True,18 - 40,M,True,"Clean, Average",True,3,3,False,True,Apartment,True,False,18,40,False,False,True,True,True,True,True,True,True,True,True,,Early Bird,True,True,I keep to myself,3,30.1024397,-95.2296552,Vegan
joseluis,33,M,True,Clean,1250,1250,Month to month,2016-12-01,"Electricity, Gas, Water, Trash pickup","Private bedroom, Private bathroom, Cable/satellite hookup, Closet, Furnished, Master bedroom, Telephone hookup, Walk-in closet","House, 
4 Bedroom, 
3 Bath","Air conditioning, Alarm system, Balcony/patio, Cable/satellite, Dishwasher, Fireplace, Garage, High speed Internet, Laundry facility, Microwave, Parking, Storage, View, Yard"," Houston, TX, 77008  ",False,21 - 50,M,True,"Clean, Average, Messy",True,4,4,True,False,House,False,True,21,50,False,False,True,True,True,False,True,True,True,True,True,,Early Bird,True,True,I keep to myself,1,29.7589382,-95.3676973,Vegan
handydan1962,19,M,True, Moderately Clean,"
750",500,Month to month,2016-12-01,"Electricity, Gas, Water, Trash pickup","Private bedroom, Private bathroom, Cable/satellite hookup, Closet, Furnished, Walk-in closet","House, 
4 Bedroom, 
3 Bath","Air conditioning, Cable/satellite, Dishwasher, High speed Internet, Microwave, Yard"," Katy, TX, 774490804  ",True,21 - 67,M,True,"Clean, Average",True,4,4,True,False,House,False,True,21,67,False,False,True,True,False,False,True,True,True,True,True,,Early Bird,True,True,I keep to myself,2,29.7857853,-95.8243955,Vegan
jay5040,22,O,True,Clean,"
550",200,Month to month,2016-12-01,"Electricity, Gas, Water, Trash pickup","Private bedroom, Private bathroom, Cable/satellite hookup, Closet, Furnished, Walk-in closet","House, 4 Bedroom, 2 Bath","Air conditioning, Cable/satellite, Dishwasher, High speed Internet, Microwave, Yard"," Tomball, TX, 77375  ",False,17 - 50,A,True,"Clean, Average, Messy",False,4,4,True,False,House,False,True,17,50,False,False,True,True,False,False,True,True,True,True,True,,Early Bird,False,False,Moderately Social,1,30.0971621,-95.6160548,Vegan
ShanHan,28,F,True,Clean,"
300",0,Month to month,2016-12-01,"Electricity, Water, Trash pickup","Private bedroom, Private bathroom, Cable/satellite hookup, Closet, Furnished, Walk-in closet","House, 4 Bedroom, 2 Bath","Air conditioning, Cable/satellite, Dishwasher, High speed Internet, Microwave, Yard"," Houston, TX, 77060  ",False,17 - 50,A,True,"Clean, Average, Messy",False,4,4,True,False,House,False,True,17,50,False,False,True,True,False,False,True,True,True,True,True,,Early Bird,False,False,Moderately Social,5,29.7589382,-95.3676973,Vegetarian
Rod_hop,35,O,True,Clean,"
600",0,Month to month,2016-12-01,"Electricity, Gas, Water, Trash pickup","Private bedroom, Private bathroom, Cable/satellite hookup, Closet, Furnished, Walk-in closet","House, 4 Bedroom, 2 Bath","Air conditioning, Cable/satellite, Dishwasher, High speed Internet, Microwave, Yard"," Conroe, TX, 77301  ",False,17 - 50,A,True,"Clean, Average, Messy",False,4,4,True,False,House,False,True,17,50,False,False,True,True,False,False,True,True,True,True,True,,Early Bird,False,False,I keep to myself,1,30.3118769,-95.4560511,Vegan
AggieVet2015,38,O,True,Clean,"
500",350,Month to month,2016-12-01,N/A,"Private bedroom, Private bathroom, Cable/satellite hookup","House, 
1 Bedroom, 
1 Bath","Air conditioning, Alarm system, Cable/satellite, Dishwasher, High speed Internet, Laundry facility, Washer/dryer in unit, Parking, Yard"," Rosenberg, TX, 77469  ",True,17 - 50,A,True,"Clean, Average",True,1,1,True,False,House,False,True,17,50,False,False,True,False,True,True,False,False,False,True,True,,Early Bird,True,True,I keep to myself,3,29.5571825,-95.8085622,Non-Vegetarian
texian25,54,M,True, Moderately Clean,"
0",0,Month to month,2016-12-01,N/A,"Private bedroom, Private bathroom, Cable/satellite hookup","House, 4 Bedroom, 2 Bath","Air conditioning, Alarm system, Cable/satellite, Dishwasher, High speed Internet, Laundry facility, Washer/dryer in unit, Parking, Yard"," La Marque, TX, 77568  ",False,17 - 50,M,True,"Clean, Average, Messy",False,4,4,True,False,House,False,True,17,50,False,False,True,False,True,True,False,False,False,True,True,,Early Bird,False,False,I keep to myself,6,29.3685674,-94.9713133,Non-Vegetarian
Conroenurse,50,M,True,Clean,"
725",0,Month to month,2016-12-01,"Electricity, Gas, Water, Trash pickup","Private bedroom, Private bathroom, Cable/satellite hookup","House, 4 Bedroom, 2 Bath","Air conditioning, Alarm system, Cable/satellite, Dishwasher, High speed Internet, Laundry facility, Washer/dryer in unit, Parking, Yard"," Houston, TX, 77008  ",False,17 - 50,M,True,Clean,False,4,4,True,False,House,False,True,17,50,False,False,True,False,True,True,False,False,False,True,True,,Early Bird,False,False,I keep to myself,4,29.7589382,-95.3676973,Vegetarian
WilliamA,23,M,True, Moderately Clean,"
700",100,Month to month,2016-12-01,"Electricity, Gas, Water, Trash pickup","Private bedroom, Cable/satellite hookup, Closet, Furnished","House, 
3 Bedroom, 
2 Bath","Air conditioning, Alarm system, Cable/satellite, Dishwasher, High speed Internet, Laundry facility, Washer/dryer in unit, Parking, Yard"," Porter, TX, 77365  ",True,17 - 50,A,True,"Clean, Average",True,3,3,True,False,House,False,True,17,50,False,False,True,True,True,True,True,True,True,True,True,,Early Bird,True,True,I keep to myself,4,30.1024397,-95.2296552,Non-Vegetarian
klmol,24,O,False,Clean,"
650",200,Month to month,2016-12-01,"Electricity, Gas, Water, Trash pickup","Private bedroom, Cable/satellite hookup, Closet, Furnished","House, 4 Bedroom, 2 Bath","Air conditioning, Alarm system, Cable/satellite, Dishwasher, High speed Internet, Laundry facility, Washer/dryer in unit, Parking, Yard"," Houston, TX, 77042  ",False,17 - 50,F,True,"Clean, Average",False,4,4,True,False,House,False,True,17,50,False,False,True,True,True,True,True,True,True,True,True,,Early Bird,False,False,I keep to myself,1,29.7589382,-95.3676973,Non-Vegetarian
KRussell,40,M,False, Moderately Clean,500,500,Month to month,2016-12-01,Trash pickup,"Private bedroom, Closet, Telephone hookup","House, 
3 Bedroom, 
2 Bath","Air conditioning, Alarm system, Cable/satellite, Dishwasher, High speed Internet, Laundry facility, Washer/dryer in unit, Parking, Yard"," Spring, TX, 77388  ",True,18 - 40,M,True,"Clean, Average",True,3,3,True,False,House,False,True,18,40,False,False,True,True,True,True,False,True,True,True,True,,Early Bird,True,True,Moderately Social,6,30.0798826,-95.4172548,Vegan
Kaylee90,27,F,True,Clean,800,800,Month to month,2016-12-01,"Electricity, Water, Trash pickup","Private bedroom, Closet, Telephone hookup","House, 4 Bedroom, 2 Bath","Air conditioning, Alarm system, Cable/satellite, Dishwasher, High speed Internet, Laundry facility, Washer/dryer in unit, Parking, Yard"," Baytown, TX, 77532  ",False,17 - 50,M,True,"Clean, Average",False,4,4,True,False,House,False,True,17,50,False,False,True,True,True,True,False,True,True,True,True,,Early Bird,False,False,Moderately Social,0,29.7355047,-94.9774273,Non-Vegetarian
QUIET13,57,M,True,Clean,0,350,Month to month,2016-12-01,"Electricity, Gas, Water, Trash pickup","Private bedroom, Closet, Telephone hookup","House, 4 Bedroom, 2 Bath","Air conditioning, Alarm system, Cable/satellite, Dishwasher, High speed Internet, Laundry facility, Washer/dryer in unit, Parking, Yard"," Comfort, TX, 78013  ",False,17 - 50,M,True,"Clean, Average",False,4,4,True,False,House,False,True,17,50,False,False,True,True,True,True,False,True,True,True,True,,Early Bird,False,False,I keep to myself,7,29.967715,-98.9050336,Vegan
Rene77,42,M,True,Clean,0,150,Month to month,2016-12-01,N/A,"Private bedroom, Closet, Telephone hookup","House, 4 Bedroom, 2 Bath","Air conditioning, Alarm system, Cable/satellite, Dishwasher, High speed Internet, Laundry facility, Washer/dryer in unit, Parking, Yard"," San Antonio, TX, 78201  ",False,17 - 50,F,True,"Clean, Average, Messy",False,4,4,True,False,House,False,True,17,50,False,False,True,True,True,True,False,True,True,True,True,,Early Bird,False,False,I keep to myself,2,29.4246002,-98.4951404,Vegan
JustinTime,46,M,False,Clean,0,200,Month to month,2016-12-01,"Electricity, Gas, Water","Private bedroom, Closet, Telephone hookup","House, 4 Bedroom, 2 Bath","Air conditioning, Alarm system, Cable/satellite, Dishwasher, High speed Internet, Laundry facility, Washer/dryer in unit, Parking, Yard"," San Antonio, TX, 78258  ",False,17 - 50,F,True,"Clean, Average, Messy",False,4,4,True,False,House,False,True,17,50,False,False,True,True,True,True,False,True,True,True,True,,Early Bird,False,False,I keep to myself,7,29.4246002,-98.4951404,Vegan
Dre0311,34,F,False,Clean,0,500,Month to month,2016-12-01,"Electricity, Water","Private bedroom, Closet, Telephone hookup","House, 4 Bedroom, 2 Bath","Air conditioning, Alarm system, Cable/satellite, Dishwasher, High speed Internet, Laundry facility, Washer/dryer in unit, Parking, Yard"," San Antonio, TX, 78209  ",False,17 - 50,M,True,"Clean, Average",False,4,4,True,False,House,False,True,17,50,False,False,True,True,True,True,False,True,True,True,True,,Early Bird,False,False,Moderately Social,2,29.4246002,-98.4951404,Vegan
QueenBee2016,21,M,True,Clean,0,250,Month to month,2016-12-01,"Electricity, Gas, Water, Trash pickup","Private bedroom, Cable/satellite hookup, Closet, Telephone hookup","House, 
4 Bedroom, 
2.5 Bath","Air conditioning, Balcony/patio, Cable/satellite, Dishwasher, Garage, High speed Internet, Laundry facility, Washer/dryer in unit, Microwave, Parking, Yard"," New Braunfels, TX, 78130  ",True,20 - 30,A,True,"Clean, Average",True,4,4,True,False,House,False,True,20,30,False,False,True,True,True,True,False,True,True,True,True,,Early Bird,True,True,Moderately Social,0,29.7028266,-98.1257347,Non-Vegetarian
Erika123,58,O,True, Moderately Clean,0,600,Month to month,2016-12-01,"Electricity, Water, Trash pickup","Private bedroom, Cable/satellite hookup, Closet, Telephone hookup","House, 4 Bedroom, 2 Bath","Air conditioning, Balcony/patio, Cable/satellite, Dishwasher, Garage, High speed Internet, Laundry facility, Washer/dryer in unit, Microwave, Parking, Yard"," San Antonio, TX, 78250  ",False,17 - 50,F,True,"Clean, Average",False,4,4,True,False,House,False,True,17,50,False,False,True,True,True,True,False,True,True,True,True,,Early Bird,False,False,I keep to myself,6,29.4246002,-98.4951404,Vegan
Clayton8460,32,O,True,Clean,"
700",0,Month to month,2016-12-01,"Electricity, Water, Trash pickup","Private bedroom, Balcony/patio, Cable/satellite hookup, Closet, Walk-in closet","House, 
4 Bedroom, 
2.5 Bath","Air conditioning, Alarm system, Balcony/patio, Cable/satellite, Dishwasher, Garage, High speed Internet, Microwave, Parking, Yard"," San Antonio, TX, 78245  ",False,17 - 50,A,True,"Clean, Average, Messy",True,4,4,True,False,House,False,True,17,50,False,False,True,True,False,False,False,True,True,True,True,,Early Bird,True,True,I keep to myself,6,29.4246002,-98.4951404,Vegan
Bridgett,47,M,False, Moderately Clean,0,550,Month to month,2016-12-01,N/A,"Private bedroom, Balcony/patio, Cable/satellite hookup, Closet, Walk-in closet","House, 4 Bedroom, 2 Bath","Air conditioning, Alarm system, Balcony/patio, Cable/satellite, Dishwasher, Garage, High speed Internet, Microwave, Parking, Yard"," Boerne, TX, 78006  ",False,17 - 50,F,True,"Clean, Average",False,4,4,True,False,House,False,True,17,50,False,False,True,True,False,False,False,True,True,True,True,,Early Bird,False,False,I keep to myself,6,29.7946641,-98.7319702,Vegetarian
Yuli,62,M,False, Moderately Clean,"
600",600,Month to month,2016-12-01,"Electricity, Gas, Water, Trash pickup","Private bedroom, Balcony/patio, Cable/satellite hookup, Closet, Walk-in closet","House, 
4 Bedroom, 
2 Bath","Air conditioning, Fireplace, Parking, Yard"," San Antonio, TX, 78212  ",False,17 - 50,M,True,"Clean, Average",True,4,4,False,False,House,False,False,17,50,False,False,True,True,False,False,False,True,True,True,True,,Early Bird,True,True,Moderately Social,4,29.4246002,-98.4951404,Vegan
karthi,42,O,True, Moderately Clean,0,150,Month to month,2016-12-01,"Electricity, Water, Trash pickup","Private bedroom, Balcony/patio, Cable/satellite hookup, Closet, Walk-in closet","House, 4 Bedroom, 2 Bath","Air conditioning, Fireplace, Parking, Yard"," San Antonio, TX, 78244  ",False,17 - 50,F,True,"Clean, Average",False,4,4,False,False,House,False,False,17,50,False,False,True,True,False,False,False,True,True,True,True,,Early Bird,False,False,Moderately Social,3,29.4246002,-98.4951404,Vegetarian
LAW50,31,F,False, Moderately Clean,"
0",0,Month to month,2016-12-27,"Electricity, Gas, Water, Trash pickup","Private bedroom, Balcony/patio, Cable/satellite hookup, Closet, Walk-in closet","House, 4 Bedroom, 2 Bath","Air conditioning, Fireplace, Parking, Yard"," San Antonio, TX, 78225  ",False,17 - 50,M,True,"Clean, Average, Messy",False,4,4,False,False,House,False,False,17,50,False,False,True,True,False,False,False,True,True,True,True,,Early Bird,False,False,I keep to myself,0,29.4246002,-98.4951404,Vegan
Movingman,22,O,True,Clean,"
450",125,Month to month,2016-12-01,"Electricity, Gas, Water","Private bedroom, Balcony/patio, Cable/satellite hookup, Closet, Walk-in closet","House, 4 Bedroom, 2 Bath","Air conditioning, Fireplace, Parking, Yard"," San Antonio, TX, 78250  ",False,17 - 50,F,True,"Clean, Average, Messy",False,4,4,False,False,House,False,False,17,50,False,False,True,True,False,False,False,True,True,True,True,,Early Bird,False,False,I keep to myself,6,29.4246002,-98.4951404,Non-Vegetarian
LyndseyM,35,O,False, Moderately Clean,0,450,Month to month,2016-12-01,"Electricity, Water, Trash pickup","Private bedroom, Balcony/patio, Cable/satellite hookup, Closet, Walk-in closet","House, 4 Bedroom, 2 Bath","Air conditioning, Fireplace, Parking, Yard"," New Braunfels, TX, 78132  ",False,17 - 50,M,True,"Clean, Average, Messy",False,4,4,False,False,House,False,False,17,50,False,False,True,True,False,False,False,True,True,True,True,,Early Bird,False,False,I keep to myself,7,29.7028266,-98.1257347,Non-Vegetarian
jake101,20,O,True,Clean,0,200,Month to month,2016-12-01,"Electricity, Gas, Water, Trash pickup","Private bedroom, Balcony/patio, Cable/satellite hookup, Closet, Walk-in closet","House, 4 Bedroom, 2 Bath","Air conditioning, Fireplace, Parking, Yard"," New Braunfels, TX, 78130  ",False,17 - 50,A,True,"Clean, Average",False,4,4,False,False,House,False,False,17,50,False,False,True,True,False,False,False,True,True,True,True,,Early Bird,False,False,Moderately Social,3,29.7028266,-98.1257347,Vegan
Dave,50,F,True,Clean,0,100,Month to month,2016-12-01,"Electricity, Gas, Water, Trash pickup","Private bedroom, Balcony/patio, Cable/satellite hookup, Closet, Walk-in closet","House, 4 Bedroom, 2 Bath","Air conditioning, Fireplace, Parking, Yard"," New Braunfels, TX, 78130  ",False,17 - 50,M,True,Clean,False,4,4,False,False,House,False,False,17,50,False,False,True,True,False,False,False,True,True,True,True,,Early Bird,False,False,Moderately Social,3,29.7028266,-98.1257347,Non-Vegetarian
Paul316us,26,O,True, Moderately Clean,"
400",200,Month to month,2016-12-01,Electricity,"Private bedroom, Balcony/patio, Cable/satellite hookup, Closet, Walk-in closet","House, 4 Bedroom, 2 Bath","Air conditioning, Fireplace, Parking, Yard"," San Antonio, TX, 78213  ",False,17 - 50,F,True,"Clean, Average",False,4,4,False,False,House,False,False,17,50,False,False,True,True,False,False,False,True,True,True,True,,Early Bird,False,False,I keep to myself,7,29.4246002,-98.4951404,Vegan
Superman69,18,M,False, Moderately Clean,"
300",0,Month to month,2016-12-01,N/A,"Private bedroom, Private bathroom, Cable/satellite hookup, Closet, Furnished, Master bedroom, Telephone hookup, Walk-in closet","Dwelling, 
2 Bedroom, 
1 Bath","Air conditioning, Fireplace, Parking, Yard"," Cibolo, TX, 78108  ",True,17 - 50,M,True,"Clean, Average, Messy",True,2,2,False,False,Dwelling,False,False,17,50,False,False,True,True,False,False,True,True,True,True,True,,Early Bird,True,True,I keep to myself,4,29.5707831,-98.2330926,Vegetarian
Cjg78,19,F,True,Clean,"
375",100,Month to month,2016-12-01,"Electricity, Water, Trash pickup","Private bedroom, Closet","House, 
1 Bedroom, 
2 Bath","Air conditioning, Fireplace, Parking, Yard"," San Antonio, TX, 78223  ",False,25 - 50,M,True,"Clean, Average",True,1,1,False,False,House,False,False,25,50,False,False,True,True,False,False,False,True,True,True,True,,Early Bird,True,True,I keep to myself,1,29.4246002,-98.4951404,Vegan
ChuckJonz,48,M,False, Moderately Clean,"
600",250,Month to month,2016-12-01,"Electricity, Gas, Water, Trash pickup","Private bedroom, Closet","House, 4 Bedroom, 2 Bath","Air conditioning, Fireplace, Parking, Yard"," San Antonio, TX, 78232  ",False,17 - 50,A,True,"Clean, Average",False,4,4,False,False,House,False,False,17,50,False,False,True,True,False,False,False,True,True,True,True,,Early Bird,False,False,I keep to myself,7,29.4246002,-98.4951404,Vegetarian
